cluster_idx,event_id
1,228000028
2,228000034
3,228000047
4,228100011
5,228400166
6,228400182
7,228700029
8,228700115
9,228800010
10,228800045
11,228800046
12,228800106
13,228800119
14,228800120
15,228800128
16,228800170
17,228800181
18,228800186
19,228800188
20,228800200
21,228800202
22,228800215
23,228800223
24,228800252
25,228800283
26,228800516
27,228800824
28,228900115
29,229000071
30,229000079
31,229400005
32,229400006
33,229500006
34,229600030
35,229700005
36,229700007
37,229800008
38,229800009
39,229800023
40,229800027
41,229800030
42,229800044
43,229800045
44,229800049
45,229800051
46,229800052
47,229800060
48,229800081
49,229800088
50,229800098
51,229800106
52,229800130
53,229800150
54,229800155
55,229800173
56,229800183
57,229800188
58,229800193
59,229800195
60,229800197
61,229800218
62,229800224
63,229800225
64,229800227
65,229800228
66,229800229
67,229800231
68,229800235
69,229800236
70,229800243
71,229800244
72,229800247
73,229800248
74,229800249
75,229800252
76,229800263
77,229800266
78,229800268
79,229800271
80,229800272
81,229800281
82,229800291
83,229800301
84,229800319
85,229800324
86,229800369
87,229800378
88,229800386
89,229800400
90,229800401
91,229800402
92,229800403
93,229800406
94,229800452
95,229800453
96,229900025
97,229900065
98,230000008
99,230200028
100,230200030
101,230200037
102,230200049
103,230200050
104,230200052
105,230200064
106,230200069
107,230200079
108,230200086
109,230200090
110,230200099
111,230200200
112,230200205
113,230300003
114,230300009
115,230300017
116,230300079
117,230300087
118,230300107
119,230300161
120,230300184
121,230300189
122,230300197
123,230400047
124,230600029
125,230700023
126,230700024
127,230700025
128,230700031
129,230700032
130,230700033
131,230700041
132,230700043
133,230700047
134,230700074
135,230700082
136,230700086
137,230700088
138,230700089
139,230700097
140,230700115
141,230700122
142,230700124
143,230700130
144,231000150
145,231100023
146,231200013
147,231200015
148,231500063
149,231500069
150,231800024
151,231900014
152,232300001
153,232400004
154,233000036
155,233100721
156,233100916
157,234100006
158,236400033
159,300100178
160,300100180
161,300200039
162,301000233
163,301000237
164,301500077
165,301600132
166,302000007
167,302100357
168,302500077
169,302500095
170,302600004
171,302600017
172,302700067
173,302800001
174,303500045
175,303600025
176,304000085
177,304400025
178,304400031
179,304500284
180,304600027
181,304700121
182,304700544
183,304900001
184,305000053
185,305000149
186,305100015
187,305100016
188,305100021
189,305100041
190,305100044
191,305200011
192,305600049
193,305700010
194,305700019
195,305700030
196,305700050
197,305700158
198,305700200
199,305800107
200,305800144
201,306200079
202,306300039
203,306300053
204,306900002
205,307000070
206,307100139
207,307100208
208,307200154
209,307600058
210,308300046
211,308300047
212,308300048
213,308600010
214,308800095
215,308900019
216,308900174
217,309200001
218,309200002
219,309200008
220,309400001
221,309500118
222,309500121
223,309500122
224,309500144
225,309600001
226,309600015
227,309600019
228,309600023
229,309600025
230,309600030
231,309600039
232,309600053
233,309600144
234,309600150
235,309700072
236,309700083
237,309700093
238,309700096
239,309700129
240,309800061
241,309900051
242,310000003
243,310000036
244,310000040
245,310000048
246,310100039
247,310200057
248,310200068
249,310200076
250,310200085
251,310200087
252,310200103
253,310200104
254,310200106
255,310200107
256,310200141
257,310200155
258,310200157
259,310200190
260,310200194
261,310200198
262,310200236
263,310200254
264,310200256
265,310200263
266,310200268
267,310200282
268,310200283
269,310200285
270,310200298
271,310200315
272,310200347
273,310400056
274,310400059
275,310400112
276,310400118
277,310400119
278,310500061
279,310500100
280,310500101
281,310500133
282,310500142
283,310500149
284,310500151
285,310500152
286,310500156
287,310500157
288,310500158
289,310500161
290,310500165
291,310500166
292,310500168
293,310500169
294,310500175
295,310500178
296,310500180
297,310500195
298,310500197
299,310500203
300,310500204
301,310500218
302,310500220
303,310500231
304,310500238
305,310500241
306,310500247
307,310500251
308,310500262
309,310500271
310,310500279
311,310500284
312,310500286
313,310500294
314,310500296
315,310500304
316,310500310
317,310500314
318,310500315
319,310500317
320,310500321
321,310500322
322,310500331
323,310500334
324,310500340
325,310500346
326,310500348
327,310500359
328,310500365
329,310500366
330,310500370
331,310500374
332,310500376
333,310500380
334,310500390
335,310500394
336,310500405
337,310500409
338,310500411
339,310600005
340,310600013
341,310600016
342,310600023
343,310600037
344,310600041
345,310600042
346,310600056
347,310600066
348,310600071
349,310600086
350,310600125
351,310800002
352,310800003
353,310800004
354,310800007
355,310800037
356,310800045
357,310800046
358,310800048
359,310900014
360,310900025
361,310900035
362,310900047
363,310900067
364,310900096
365,310900102
366,310900213
367,310900244
368,310900268
369,310900278
370,310900281
371,310900282
372,310900283
373,310900290
374,310900292
375,310900294
376,310900299
377,310900301
378,310900307
379,310900309
380,310900314
381,311000173
382,311000180
383,311100132
384,311100147
385,311200001
386,311200044
387,311200065
388,311200070
389,311200076
390,311200077
391,311200092
392,311200130
393,311300012
394,311300049
395,311300169
396,311300199
397,311300202
398,311300203
399,311400045
400,311400067
401,311400082
402,311400091
403,311400140
404,311400162
405,311400176
406,311500017
407,311600011
408,311600019
409,311700000
410,311700002
411,311700042
412,311700073
413,311800024
414,311800033
415,311800042
416,311900002
417,311900113
418,311900175
419,311900183
420,311900190
421,312000026
422,312100031
423,312200028
424,312200044
425,312300018
426,312400011
427,312800108
428,312800113
429,313100029
430,313100030
431,313200010
432,313200025
433,313200063
434,313300001
435,313400024
436,313400035
437,313500012
438,313500039
439,313700040
440,313700046
441,313700047
442,313700085
443,313800067
444,313800075
445,313800076
446,313800081
447,313800082
448,313800091
449,313800092
450,313800095
451,313800098
452,313800106
453,313800112
454,313800121
455,313800124
456,313800127
457,313800128
458,313800159
459,313800234
460,313900002
461,313900049
462,313900065
463,313900066
464,313900067
465,313900068
466,313900069
467,313900076
468,313900077
469,313900098
470,313900100
471,313900108
472,313900110
473,313900118
474,313900120
475,313900128
476,313900132
477,313900141
478,313900143
479,313900144
480,313900155
481,313900166
482,314000004
483,314000005
484,314000069
485,314100056
486,314200106
487,314200170
488,314200172
489,314200194
490,314200295
491,314300006
492,314300029
493,314300030
494,314300049
495,314300088
496,314300090
497,314300092
498,314300111
499,314300121
500,314300127
501,314400004
502,314400039
503,314400044
504,314400048
505,314400056
506,314400073
507,314400087
508,314400109
509,314400110
510,314400115
511,314400117
512,314400124
513,314400152
514,314400153
515,314500114
516,314600027
517,314600070
518,314700023
519,314700030
520,314700075
521,314800011
522,314800012
523,314800019
524,314800033
525,314800050
526,314900027
527,315000025
528,315100023
529,315200022
530,315200032
531,315300031
532,315300102
533,315300113
534,315300119
535,315300145
536,315400014
537,315400065
538,315400102
539,315400122
540,315400129
541,315400130
542,315400134
543,315400136
544,315400141
545,315400146
546,315400148
547,315500000
548,315500015
549,315500025
550,315500134
551,315600017
552,315600032
553,315600036
554,315700158
555,315700182
556,315800045
557,315800046
558,315800290
559,315800320
560,315900000
561,315900030
562,315900039
563,315900040
564,315900143
565,316000010
566,316000032
567,316000047
568,316000057
569,316000058
570,316000059
571,316000062
572,316000105
573,316100000
574,316100038
575,316300073
576,316300074
577,316300075
578,316300079
579,316300084
580,316300085
581,316300086
582,316300098
583,316400007
584,316400047
585,316400067
586,316800067
587,316900059
588,317200049
589,317200050
590,317400056
591,317600063
592,317600064
593,317700025
594,317800032
595,317800110
596,317800157
597,317800176
598,317800195
599,317900056
600,317900079
601,317900091
602,318000009
603,318000048
604,318000056
605,318100164
606,318200105
607,318200107
608,318300074
609,318300108
610,318600076
611,319000375
612,319000379
613,319000390
614,319000400
615,319000414
616,319100014
617,319100062
618,319100160
619,319200014
620,319200056
621,319400041
622,319800025
623,319800026
624,319800027
625,319900013
626,320000003
627,320000050
628,320000052
629,320100015
630,320100055
631,320300028
632,320700023
633,320800002
634,321200049
635,321200055
636,321200065
637,321200068
638,321300002
639,321300057
640,321400036
641,321400037
642,321500020
643,321600051
644,321900020
645,322000008
646,322000016
647,322000018
648,322000034
649,322100003
650,322500047
651,322600020
652,322700056
653,322800013
654,323000022
655,323300009
656,323300063
657,323300071
658,323300076
659,323300077
660,323300078
661,323300082
662,323300084
663,323300089
664,323300101
665,323300108
666,323300115
667,323400009
668,323500009
669,323500016
670,323600023
671,323600040
672,323600064
673,323700097
674,323700185
675,323700187
676,323700199
677,323800010
