station,WTcatpol,top3_thr,n_anchors,n_matrix,n_svd,pct_in_svd,cc_det_pct,svd_thr,n_dl,n_dl_hq,n_both,n_agree,agree_pct,n_both_hq,n_agree_hq,agree_hq_pct
01B,-0.9955,0.999931,85,2819,2143,76.0,10.4,1e-7,2819,1960,2143,1328,62.0,1561,1016,65.1
02B,-0.0411,0.999978,151,5002,3846,76.9,18.6,1e-8,5002,3779,3846,2642,68.7,3039,2195,72.2
03B,-0.828,0.999986,171,5684,5113,90.0,24.8,1e-8,5684,4458,5113,2807,54.9,4068,2260,55.6
04B,-0.9892,0.999995,138,4585,4016,87.6,19.5,1e-9,4585,3367,4016,1903,47.4,2976,1401,47.1
05B,-0.9699,0.999968,207,6855,6178,90.1,29.9,1e-9,6855,4844,6178,4009,64.9,4455,3093,69.4
06B,0.881,0.999941,258,8574,6797,79.3,32.9,1e-10,8574,6067,6797,4685,68.9,4866,3550,73.0
07B,0.9499,0.99999,382,12724,10890,85.6,52.8,1e-7,12724,10134,10890,8740,80.3,8922,7609,85.3
08B,0.4543,0.999922,333,11089,8982,81.0,43.5,1e-8,11089,8299,8982,6606,73.5,6919,5377,77.7
09B,0.1651,0.999997,204,6717,5974,88.9,28.9,1e-7,6717,4788,5974,3333,55.8,4317,2445,56.6
10B,0.8879,0.999989,439,14545,12764,87.8,61.9,1e-6,14545,11580,12764,9170,71.8,10499,7913,75.4
11B,-0.9918,0.999985,348,11579,10535,91.0,51.1,1e-9,11579,9276,10535,7534,71.5,8480,6348,74.9
12B,-0.3597,0.999984,199,6580,5045,76.7,24.4,1e-8,6580,4579,5045,2874,57.0,3608,2112,58.5
13B,0.5582,0.999262,132,4374,3953,90.4,19.2,1e-6,4374,2669,3953,2061,52.1,2415,1273,52.7
14B,0.9877,0.999978,134,4402,3830,87.0,18.6,1e-7,4402,3095,3830,2494,65.1,2721,1880,69.1
AS1,-0.9965,0.999991,276,9167,8282,90.3,40.1,1e-7,9167,7709,8282,7210,87.1,7092,6470,91.2
AS2,0.7629,0.999982,238,7903,6826,86.4,33.1,1e-9,7903,5653,6826,3851,56.4,4950,2866,57.9
CC1,0.373,0.999989,468,15345,14379,93.7,69.7,1e-9,15345,10830,14379,8221,57.2,10105,6345,62.8
EC1,0.9983,0.999999,426,13795,12560,91.0,60.9,1e-8,13795,10340,12560,9285,73.9,9521,7564,79.4
EC2,-0.0277,0.999963,409,13544,12191,90.0,59.1,1e-11,13544,9264,12191,6706,55.0,8330,4902,58.8
EC3,-0.9872,0.999993,351,11641,10724,92.1,52.0,1e-7,11641,8856,10724,7897,73.6,8224,6495,79.0
ID1,-0.9755,0.999991,130,4324,3494,80.8,16.9,1e-8,4324,3340,3494,2348,67.2,2717,1929,71.0
