station,n_pc,n_dl,n_both,n_agree,agree_pct,n_both_hq,n_agree_hq,agree_hq_pct
01B,735,735,735,334,45.4,383,169,44.1
02B,1058,1058,1058,627,59.3,615,403,65.5
03B,862,862,862,546,63.3,641,432,67.4
04B,892,892,892,526,59.0,578,355,61.4
05B,628,628,628,454,72.3,418,342,81.8
06B,1126,1126,1126,761,67.6,779,586,75.2
07B,1111,1111,1111,896,80.6,890,763,85.7
08B,1094,1094,1094,761,69.6,773,580,75.0
09B,1110,1110,1110,516,46.5,821,379,46.2
10B,1125,1125,1125,667,59.3,789,491,62.2
11B,1052,1052,1052,798,75.9,873,702,80.4
12B,1113,1113,1113,644,57.9,748,465,62.2
13B,880,880,880,443,50.3,382,213,55.8
14B,971,971,971,673,69.3,665,507,76.2
15A,0,0,0,0,0.0,0,0,0.0
AS1,1178,1178,1178,922,78.3,930,796,85.6
AS2,1179,1179,1179,876,74.3,842,705,83.7
CC1,1181,1181,1181,963,81.5,878,810,92.3
EC1,1181,1181,1181,950,80.4,942,823,87.4
EC2,1173,1173,1173,845,72.0,819,670,81.8
EC3,1040,1040,1040,805,77.4,778,660,84.8
ID1,1069,1069,1069,721,67.4,688,529,76.9
